RecID,FirstName,MiddleName,LastName,Address,City,State,ZIP,POBox,POCityStateZip,SSN,DOB
A994699,MARIA,E,JAUSSI,11706 CRESCENST COVE DR,PEARLAND,TX,77584,,,96127882,1900
A994695,AILLA,,NATERELI,10950 SATICOY ST UNIT 5,SUN VALLEY,TX,91352,,,13873023,7-May-85
A994696,ROBERTO,R,WILSON,2105 E OCEAN BOULV UNIT 16,LONG BEACH,CA,90803,POST OFFICE OX 17402,"LONG BEACH, CA 90807",,
A994697,BENJAMIN,M,ROSS,1175 BRENTWOOD YAVE,SUN VALLEY,CA,95322,,,57946087,
A994698,JOANNE,A,MCLELLAN,1804 TENNYSON DR,ORLANDO,FL,32810,APTO 720506,"ORLANDO, FL 32872",48014239,
A994699,KYLE,,LEOS,1645 WINTERGREEN LN UNIT A,ORLANDO,CA,92879,,,,6-Oct-57
A994700,BARNDIE,,GONZALEZ,1085 CARDIFF WAY,BEAUMONT,CA,92223,,,177466691,1923
A994701,YANEAN,J,SMILEY,1804 TENNYSON DR,ARLINGTON,TX,76013,CALLER 300806,"ARLINGTON, TX 76007",15056695,
A994702,FLOR,S,RENTERIA,363 MADISON AVNUE,SAN DIEGO,CA,92116,PO BBOX 45236,"SAN DIEGO, CA 92145",126642363,
